<?xml version="1.0" encoding="UTF-8"?>
<project-private xmlns="http://www.netbeans.org/ns/project-private/1">
    <editor-bookmarks xmlns="http://www.netbeans.org/ns/editor-bookmarks/2" lastBookmarkId="0"/>
    <open-files xmlns="http://www.netbeans.org/ns/projectui-open-files/2">
        <group>
            <file>file:/C:/Users/officeen/Desktop/Project/Outpatient_DAL/src/repo/SqlRepo.java</file>
            <file>file:/C:/Users/officeen/Desktop/Project/Outpatient_DAL/src/factory/RepoFactoy.java</file>
            <file>file:/C:/Users/officeen/Desktop/Project/Outpatient_DAL/src/repo/RepoTypeEnum.java</file>
            <file>file:/C:/Users/officeen/Desktop/Project/Outpatient_DAL/src/model/Patient.java</file>
            <file>file:/C:/Users/officeen/Desktop/Project/Outpatient_DAL/src/model/Doctor.java</file>
            <file>file:/C:/Users/officeen/Desktop/Project/Outpatient_DAL/src/repo/IRepo.java</file>
            <file>file:/C:/Users/officeen/Desktop/Project/Outpatient_DAL/src/repo/StaticRepo.java</file>
        </group>
    </open-files>
</project-private>
